{
  "needs": {
    "precision": 0.9969878411637219,
    "recall": 0.9958538196228076,
    "f1-score": 0.9964205077372102,
    "support": 27254.0
  },
  "wants": {
    "precision": 0.995057516511394,
    "recall": 0.9964085494043448,
    "f1-score": 0.9957325746799431,
    "support": 22832.0
  },
  "accuracy": 0.9961066964820509,
  "macro avg": {
    "precision": 0.9960226788375579,
    "recall": 0.9961311845135762,
    "f1-score": 0.9960765412085767,
    "support": 50086.0
  },
  "weighted avg": {
    "precision": 0.9961078912283716,
    "recall": 0.9961066964820509,
    "f1-score": 0.9961069093751226,
    "support": 50086.0
  }
}