{
  "needs": {
    "precision": 0.9993216353111433,
    "recall": 0.9988247525200018,
    "f1-score": 0.9990731321351871,
    "support": 22123.0
  },
  "wants": {
    "precision": 0.9979015334947539,
    "recall": 0.9987882704580338,
    "f1-score": 0.998344705074892,
    "support": 12379.0
  },
  "accuracy": 0.9988116630919947,
  "macro avg": {
    "precision": 0.9986115844029486,
    "recall": 0.9988065114890178,
    "f1-score": 0.9987089186050395,
    "support": 34502.0
  },
  "weighted avg": {
    "precision": 0.998812115851834,
    "recall": 0.9988116630919947,
    "f1-score": 0.9988117792113163,
    "support": 34502.0
  }
}