{
  "total_rows": 220152,
  "unique_rows": 220152,
  "needs_count": 120220,
  "wants_count": 99932,
  "needs_percentage": 54.60772557142338,
  "wants_percentage": 45.39227442857662,
  "avg_description_length": 3.959491623968894,
  "vocab_size": 2142
}