{
  "accuracy": 0.9988116630919947,
  "f1_score": 0.9988117792113163,
  "test_samples": 34502
}