{
  "accuracy": 0.9961066964820509,
  "f1_score": 0.9961069093751226,
  "test_samples": 50086
}