{
  "epochs": [
    1,
    2,
    3,
    4,
    5,
    6,
    7,
    8,
    9,
    10,
    11,
    12,
    13,
    14,
    15,
    16,
    17,
    18,
    19,
    20,
    21,
    22,
    23,
    24,
    25
  ],
  "trainLoss": [
    1.029860496520996,
    0.23944884538650513,
    0.15189865231513977,
    0.10921544581651688,
    0.0844641774892807,
    0.06814703345298767,
    0.05746276304125786,
    0.04680223390460014,
    0.03983282297849655,
    0.035618823021650314,
    0.03234141319990158,
    0.02895810827612877,
    0.027031397446990013,
    0.024256667122244835,
    0.022732743993401527,
    0.021313471719622612,
    0.020614568144083023,
    0.018836889415979385,
    0.019279856234788895,
    0.01790657266974449,
    0.016752585768699646,
    0.017351454123854637,
    0.015098263509571552,
    0.014250793494284153,
    0.014516730792820454
  ],
  "trainAcc": [
    0.7561375498771667,
    0.9355459809303284,
    0.9575026631355286,
    0.9698811173439026,
    0.975879430770874,
    0.9802230596542358,
    0.9834688305854797,
    0.9862372875213623,
    0.9877965450286865,
    0.9894353151321411,
    0.9903740286827087,
    0.9909468293190002,
    0.9916787147521973,
    0.9926174283027649,
    0.993078887462616,
    0.993810772895813,
    0.9935562014579773,
    0.9940494298934937,
    0.9937312006950378,
    0.9942403435707092,
    0.9948131442070007,
    0.9945744872093201,
    0.9953063726425171,
    0.9954017996788025,
    0.9953858852386475
  ],
  "valLoss": [
    0.20166338980197906,
    0.10918597877025604,
    0.07728009670972824,
    0.057018179446458817,
    0.04589605703949928,
    0.039946746081113815,
    0.03573743253946304,
    0.031577907502651215,
    0.03198809549212456,
    0.03039049543440342,
    0.02678673155605793,
    0.029445048421621323,
    0.028876066207885742,
    0.027513423934578896,
    0.027224812656641006,
    0.03036918304860592,
    0.027686508372426033,
    0.030119379982352257,
    0.027607189491391182,
    0.031103646382689476,
    0.027218589559197426,
    0.02775142714381218,
    0.028846990317106247,
    0.028706979006528854,
    0.027810217812657356
  ],
  "valAcc": [
    0.9475593566894531,
    0.9718704223632812,
    0.9798892736434937,
    0.9847260117530823,
    0.9877171516418457,
    0.9882899522781372,
    0.9908356070518494,
    0.9915993213653564,
    0.9919174909591675,
    0.9922357201576233,
    0.9934449195861816,
    0.993190348148346,
    0.993190348148346,
    0.9932540059089661,
    0.9938904047012329,
    0.9934449195861816,
    0.9935721755027771,
    0.9936994910240173,
    0.9937631487846375,
    0.9928085207939148,
    0.9937631487846375,
    0.993954062461853,
    0.9938904047012329,
    0.9938904047012329,
    0.9941449761390686
  ]
}
