{
  "epochs": [
    1,
    2,
    3,
    4,
    5,
    6,
    7,
    8,
    9,
    10,
    11,
    12,
    13,
    14,
    15,
    16,
    17,
    18,
    19,
    20,
    21,
    22,
    23,
    24,
    25
  ],
  "trainLoss": [
    0.9758442044258118,
    0.2268892228603363,
    0.14076662063598633,
    0.10349491983652115,
    0.07782617956399918,
    0.06404712796211243,
    0.0519007183611393,
    0.04461212828755379,
    0.04036083444952965,
    0.0351879708468914,
    0.02982419729232788,
    0.028507083654403687,
    0.025462910532951355,
    0.023181065917015076,
    0.022218363359570503,
    0.021619830280542374,
    0.02051970176398754,
    0.02096284180879593,
    0.01814216934144497,
    0.018205370754003525,
    0.01614564284682274,
    0.01499133836477995,
    0.01657910645008087,
    0.01539439894258976,
    0.0159034114331007
  ],
  "trainAcc": [
    0.7661262154579163,
    0.9388294816017151,
    0.9609635472297668,
    0.9708663821220398,
    0.9775210022926331,
    0.9819046854972839,
    0.984851062297821,
    0.9866045713424683,
    0.9879699945449829,
    0.9895510077476501,
    0.9909307956695557,
    0.9915632009506226,
    0.9924399256706238,
    0.9928423762321472,
    0.9930579662322998,
    0.9930004477500916,
    0.9935753345489502,
    0.9932447671890259,
    0.9942939877510071,
    0.9941790103912354,
    0.994926393032074,
    0.9953144788742065,
    0.9947970509529114,
    0.9951563477516174,
    0.9947970509529114
  ],
  "valLoss": [
    0.19492095708847046,
    0.10318546742200851,
    0.06942328065633774,
    0.050958823412656784,
    0.04011721536517143,
    0.03423725813627243,
    0.029634760692715645,
    0.027158284559845924,
    0.025786258280277252,
    0.023389294743537903,
    0.022164655849337578,
    0.021625706925988197,
    0.021110478788614273,
    0.02184200845658779,
    0.022800492122769356,
    0.02239692024886608,
    0.020327167585492134,
    0.020593073219060898,
    0.018604839220643044,
    0.0210841353982687,
    0.023392856121063232,
    0.021336646750569344,
    0.018389536067843437,
    0.02081468515098095,
    0.01949193701148033
  ],
  "valAcc": [
    0.9492928385734558,
    0.9740140438079834,
    0.98252272605896,
    0.9866045713424683,
    0.9900540709495544,
    0.9911463856697083,
    0.9922387003898621,
    0.9932160377502441,
    0.9933310151100159,
    0.993848443031311,
    0.9947108030319214,
    0.9948257803916931,
    0.99545818567276,
    0.9948257803916931,
    0.9945958256721497,
    0.9947683215141296,
    0.9955731630325317,
    0.9955731630325317,
    0.99545818567276,
    0.9949407577514648,
    0.9951707720756531,
    0.99545818567276,
    0.9960905909538269,
    0.9952857494354248,
    0.9956881403923035
  ]
}
