{
  "epochs": [
    1,
    2,
    3,
    4,
    5,
    6,
    7,
    8,
    9,
    10,
    11,
    12,
    13,
    14,
    15,
    16,
    17,
    18,
    19,
    20,
    21,
    22,
    23,
    24,
    25
  ],
  "trainLoss": [
    0.7552121877670288,
    0.1744772046804428,
    0.10781892389059067,
    0.07524482160806656,
    0.05732639133930206,
    0.04697670787572861,
    0.039011918008327484,
    0.034655019640922546,
    0.029364505782723427,
    0.027808602899312973,
    0.024128703400492668,
    0.022578557953238487,
    0.02212752215564251,
    0.02003583498299122,
    0.017832567915320396,
    0.017539918422698975,
    0.01634216494858265,
    0.01671050488948822,
    0.01620084047317505,
    0.013969561085104942,
    0.015365107916295528,
    0.014896731823682785,
    0.013674657791852951,
    0.01333482563495636,
    0.01309512834995985
  ],
  "trainAcc": [
    0.8216066956520081,
    0.9532029032707214,
    0.9704646468162537,
    0.9786142110824585,
    0.9832851886749268,
    0.9861293435096741,
    0.9881201982498169,
    0.9897173047065735,
    0.9913800358772278,
    0.9918285608291626,
    0.9922332763671875,
    0.9930646419525146,
    0.9928021430969238,
    0.9936553835868835,
    0.9943116903305054,
    0.9943116903305054,
    0.994727373123169,
    0.9945851564407349,
    0.9946727156639099,
    0.9953399896621704,
    0.9949352145195007,
    0.9952743053436279,
    0.9954274892807007,
    0.9957884550094604,
    0.9956024885177612
  ],
  "valLoss": [
    0.14321668446063995,
    0.07181661576032639,
    0.04600265622138977,
    0.03385269269347191,
    0.026725992560386658,
    0.022637953981757164,
    0.01972382143139839,
    0.018798884004354477,
    0.018211450427770615,
    0.01685049757361412,
    0.017060041427612305,
    0.016204936429858208,
    0.015810605138540268,
    0.017991892993450165,
    0.015263167209923267,
    0.01536943856626749,
    0.01611149124801159,
    0.017255613580346107,
    0.017135383561253548,
    0.0175322275608778,
    0.01755840703845024,
    0.017892388626933098,
    0.01626857928931713,
    0.01738964021205902,
    0.016671236604452133
  ],
  "valAcc": [
    0.9629824161529541,
    0.9807473421096802,
    0.9866981506347656,
    0.9908987283706665,
    0.9927802681922913,
    0.9940491914749146,
    0.9949243068695068,
    0.9946617484092712,
    0.9958869218826294,
    0.9954056143760681,
    0.9955368638038635,
    0.9957994222640991,
    0.9957119226455688,
    0.9950555562973022,
    0.9960182309150696,
    0.9959306716918945,
    0.996149480342865,
    0.9958869218826294,
    0.9961932301521301,
    0.9957119226455688,
    0.9956681728363037,
    0.9960619807243347,
    0.9960619807243347,
    0.9959306716918945,
    0.9962369799613953
  ]
}
